{"cameraMode":{"drawMode":0,"name":"Shaded","section":"Shading Mode"},"sceneLighting":false,"audioPlay":false,"sceneViewState":{"m_AlwaysRefresh":false,"showFog":true,"showSkybox":false,"showFlares":true,"showImageEffects":true,"showParticleSystems":true,"showVisualEffectGraphs":true,"m_FxEnabled":true},"in2DMode":false,"pivot":{"x":1.3606069087982178,"y":0.7072803378105164,"z":-3.8108091354370119},"rotation":{"x":-0.021226393058896066,"y":-0.9768751263618469,"z":0.1166229397058487,"w":-0.1783514767885208},"size":0.4960947334766388,"orthographic":false}