{"cameraMode":{"drawMode":0,"name":"Shaded","section":"Shading Mode"},"sceneLighting":false,"audioPlay":false,"sceneViewState":{"showFog":true,"showMaterialUpdate":false,"showSkybox":false,"showFlares":true,"showImageEffects":true,"showParticleSystems":true,"showVisualEffectGraphs":true,"m_FxEnabled":true},"in2DMode":false,"pivot":{"x":-1.0680668354034424,"y":26.02582550048828,"z":-3.899932861328125},"rotation":{"x":-0.5826088786125183,"y":-0.0025022660847753288,"z":0.0017501129768788815,"w":-0.8128198385238648},"size":40.19890594482422,"orthographic":false}