{"cameraMode":{"drawMode":0,"name":"Shaded","section":"Shading Mode"},"sceneLighting":false,"audioPlay":false,"sceneViewState":{"showFog":true,"showMaterialUpdate":false,"showSkybox":false,"showFlares":true,"showImageEffects":true,"showParticleSystems":true,"showVisualEffectGraphs":true,"m_FxEnabled":true},"in2DMode":false,"pivot":{"x":-10.163460731506348,"y":1.5419105291366578,"z":-12.058310508728028},"rotation":{"x":-0.014161554165184498,"y":0.42001059651374819,"z":0.0065483213402330879,"w":0.9074084162712097},"size":1.0947920083999634,"orthographic":false}