{"cameraMode":{"drawMode":0,"name":"Shaded","section":"Shading Mode"},"sceneLighting":false,"audioPlay":false,"sceneViewState":{"m_AlwaysRefresh":false,"showFog":true,"showSkybox":false,"showFlares":true,"showImageEffects":true,"showParticleSystems":true,"showVisualEffectGraphs":true,"m_FxEnabled":true},"in2DMode":false,"pivot":{"x":1.9988627433776856,"y":39.83884048461914,"z":-278.6361083984375},"rotation":{"x":0.26069143414497378,"y":0.23792991042137147,"z":-0.06662730127573013,"w":0.9333973526954651},"size":0.12991128861904145,"orthographic":false}