{"cameraMode":{"drawMode":0,"name":"Shaded","section":"Shading Mode"},"sceneLighting":false,"audioPlay":false,"sceneViewState":{"showFog":true,"showMaterialUpdate":false,"showSkybox":false,"showFlares":true,"showImageEffects":true,"showParticleSystems":true,"showVisualEffectGraphs":true,"m_FxEnabled":true},"in2DMode":false,"pivot":{"x":61.32389450073242,"y":-19.100589752197267,"z":119.17181396484375},"rotation":{"x":-0.1689937263727188,"y":-0.002369135618209839,"z":0.0004085389373358339,"w":-0.9856211543083191},"size":89.38068389892578,"orthographic":false}