{"cameraMode":{"drawMode":0,"name":"Shaded","section":"Shading Mode"},"sceneLighting":true,"audioPlay":false,"sceneViewState":{"showFog":true,"showMaterialUpdate":false,"showSkybox":false,"showFlares":true,"showImageEffects":true,"showParticleSystems":true,"showVisualEffectGraphs":true,"m_FxEnabled":true},"in2DMode":false,"pivot":{"x":-0.42480072379112246,"y":1.5864113569259644,"z":-3.2017393112182619},"rotation":{"x":0.0013330267975106836,"y":-0.9930853843688965,"z":0.11703559011220932,"w":0.011588615365326405},"size":0.5508297085762024,"orthographic":false}