{"cameraMode":{"drawMode":0,"name":"Shaded","section":"Shading Mode"},"sceneLighting":false,"audioPlay":false,"sceneViewState":{"showFog":true,"showMaterialUpdate":false,"showSkybox":false,"showFlares":true,"showImageEffects":true,"showParticleSystems":true},"in2DMode":false,"pivot":{"x":-12.007133483886719,"y":1.1889500617980958,"z":-0.4537983536720276},"rotation":{"x":-0.1392109990119934,"y":-0.1503051072359085,"z":0.02137564867734909,"w":-0.9785796403884888},"size":1.3696459531784058,"orthographic":false}