{"cameraMode":{"drawMode":0,"name":"Shaded","section":"Shading Mode"},"sceneLighting":true,"audioPlay":false,"sceneViewState":{"showFog":true,"showMaterialUpdate":false,"showSkybox":true,"showFlares":true,"showImageEffects":true,"showParticleSystems":true},"in2DMode":false,"pivot":{"x":-1.8556257486343384,"y":39.44720458984375,"z":37.51458740234375},"rotation":{"x":-0.09211864322423935,"y":-0.1496816873550415,"z":0.013998568058013916,"w":-0.9843554496765137},"size":4.398987770080566,"orthographic":false}