{"cameraMode":{"drawMode":0,"name":"Shaded","section":"Shading Mode"},"sceneLighting":true,"audioPlay":false,"sceneViewState":{"showFog":true,"showMaterialUpdate":false,"showSkybox":true,"showFlares":true,"showImageEffects":true,"showParticleSystems":true},"in2DMode":false,"pivot":{"x":85.85908508300781,"y":37.19989013671875,"z":78.68795013427735},"rotation":{"x":0.026836559176445009,"y":0.9340918064117432,"z":-0.07188895344734192,"w":0.34871986508369448},"size":136.5982666015625,"orthographic":false}