{"cameraMode":{"drawMode":0,"name":"Shaded","section":"Shading Mode"},"sceneLighting":false,"audioPlay":false,"sceneViewState":{"showFog":true,"showMaterialUpdate":false,"showSkybox":false,"showFlares":true,"showImageEffects":true,"showParticleSystems":true,"showVisualEffectGraphs":true,"m_FxEnabled":true},"in2DMode":false,"pivot":{"x":-9.775596618652344,"y":1.0801398754119874,"z":2.0457966327667238},"rotation":{"x":0.02237296849489212,"y":-0.5735405087471008,"z":0.015655364841222764,"w":0.8187513947486877},"size":6.7130279541015629,"orthographic":false}